762.1022,NaN,1017.239,NaN,1282.097,NaN,1625.962,NaN,2030.507,NaN,2367.801,NaN,2882.085,NaN,3367.1,NaN,3806.209,NaN,4323.324,NaN,4508.256,NaN,4910.163,NaN,5361.643,NaN,5876.758,NaN,6150.899,NaN,6553.014,NaN,6968.536,NaN,7398.428,NaN,7759.303,NaN,8033.182,NaN,8536.052,NaN,8828.548,NaN,9125.32,NaN,9563.689,NaN,9905.091,NaN,10361.43,NaN,10746.23,NaN,11140.76,NaN,11564.07,NaN,120277.58,NaN,12361.95,NaN,12774.99,NaN,13164.43,NaN,13569.17,NaN
0,19.49,0,20.26,0,21.63,0,18.83,0,20.66,0,20.17,0,24,0,21.09,0,21.32,0,23.27,0,23.13,0,22.63,0,19.87,0,20.37,0,20.14,0,20.14,0,20.14,0,21.3,0,20.15,0,19.36,0,22.42,0,21.81,0,22.43,0,22.55,0,18.82,0,21.4,0,24,0,24,0,14.48,0,16.57,0,16.88,0,16.63,0,24,0,24
5.97,19.33,6,20.28,5.99,21.52,5.99,18.94,6,20.75,5.96,20.18,0.1,20.51,5.99,21.04,5.98,21.36,5.99,23.33,5.96,23.14,5.96,22.82,5.98,19.76,5.99,20.44,5.97,20.1,5.96,20.12,5.98,20,5.81,19.29,5.92,20.53,5.85,19.25,5.85,22.4,5.96,21.83,5.97,22.66,5.96,22.4,5.95,17.69,5.96,21.05,0.1,15.78,0.1,15.47,5.82,14.86,5.92,16.86,5.93,16.92,5.96,16.56,0.1,12.42,0.1,12.51
11.93,19.29,11.99,20.38,11.99,21.67,11.98,19.02,12,21.01,11.91,20.08,5.97,20.51,11.97,21.08,11.96,21.23,11.99,23.42,11.93,23.2,11.92,22.92,11.96,19.75,11.97,20.52,11.94,20.09,11.91,20.02,11.95,19.84,11.61,17.11,11.85,20.5,11.7,19.15,11.7,22.06,11.92,21.9,11.94,23.16,11.92,20.47,11.89,17.06,11.91,20.98,5.87,15.84,5.97,15.45,11.64,15.15,11.85,16.17,11.85,16.22,11.93,16.36,5.86,12.16,5.86,12.27
17.9,19.14,17.99,20.43,17.98,21.69,17.96,19,18,21.27,17.87,19.89,11.94,20.5,17.96,21.05,17.95,21.09,17.98,23.46,17.89,23.08,17.88,22.92,17.94,19.72,17.96,20.52,17.91,20.01,17.87,19.93,17.93,19.69,17.42,15.42,17.77,19.83,17.54,19.43,17.55,21.77,17.88,20.71,17.91,22.61,17.88,17.35,17.84,16.45,17.87,20.87,11.74,15.85,11.95,15.28,17.47,14.88,17.77,14.34,17.78,14.69,17.89,15.94,11.72,11.98,11.72,11.92
23.87,18.94,23.98,20.36,23.98,21.75,23.95,19.07,24,21.24,23.83,19.68,17.91,20.45,23.95,21.01,23.93,21.15,23.97,23.43,23.86,23.07,23.84,22.85,23.92,19.64,23.94,20.47,23.88,19.89,23.83,20.05,23.9,19.59,23.23,14.61,23.69,19.13,23.39,19.47,23.4,20.73,23.84,18.39,23.88,20.55,23.84,16.08,23.79,15.29,23.82,20.09,17.61,15.71,17.92,14.7,23.29,13.29,23.69,12.33,23.7,12.28,23.85,15.31,17.58,11.74,17.59,11.31
29.83,18.69,29.98,20.3,29.97,21.81,29.94,19.1,30,21.14,29.79,19.52,23.88,20.44,29.93,20.88,29.91,21.24,29.96,23.38,29.82,23.12,29.81,22.77,29.89,19.54,29.93,20.41,29.84,19.82,29.78,20.05,29.88,19.42,29.04,13.79,29.62,18.09,29.24,18.4,29.25,18.76,29.8,16.2,29.85,19.29,29.8,14.87,29.73,13.64,29.78,18.44,23.47,15.08,23.9,13.23,29.11,11.42,29.62,9.93,29.63,9.23,29.82,13.67,23.44,11.53,23.45,10.77
35.8,18.57,35.98,20.2,35.97,21.72,35.93,19.13,36,20.77,35.74,19.39,29.85,20.4,35.92,20.78,35.89,21.26,35.96,23.44,35.79,23.11,35.77,22.64,35.87,19.39,35.91,20.3,35.81,19.82,35.74,19.94,35.85,19.23,34.84,11.29,35.54,16.8,35.09,16.86,35.11,16.02,35.76,15.21,35.82,18.38,35.76,13.43,35.68,11.59,35.73,15.97,29.34,13.52,29.87,11.63,34.93,9.35,35.54,6.72,35.55,5.89,35.78,11.15,29.29,10.99,29.31,10.34
41.77,18.49,41.97,20.06,41.96,21.66,41.92,19.14,42,20.37,41.7,19.7,35.82,20.34,41.91,20.72,41.88,21.2,41.95,23.59,41.75,23.1,41.73,22.53,41.85,19.26,41.9,20.16,41.78,19.81,41.7,19.84,41.83,19.12,40.65,7.69,41.46,14.96,40.93,15.85,40.96,14.26,41.72,13.88,41.79,16.06,41.72,11.92,41.62,9.54,41.69,12.75,35.21,11.25,35.84,9.58,40.76,6.52,40.28,4.16,36.53,5.45,41.74,8.7,35.15,10.02,35.17,8.99
47.73,18.34,47.97,19.91,47.96,21.47,47.9,19.21,48,20.16,47.66,20.18,41.79,20.29,47.89,20.72,47.86,21.23,47.94,23.71,47.72,23.14,47.69,22.46,47.83,19.06,47.88,20.02,47.75,19.8,47.65,19.75,47.8,18.94,46.46,4.52,47.39,13.2,46.78,15.03,46.81,13.79,47.68,12.33,47.76,13.3,47.68,9.94,47.57,7.24,47.64,8.9,41.08,8.66,41.82,6.48,43.94,3.94,41.36,2.83,37.33,5.19,47.7,6.07,41.01,9.68,41.03,6.37
53.7,18.15,53.97,19.82,53.95,21.46,53.89,19.24,54,20.03,53.61,20.29,47.76,20.25,53.88,20.74,53.84,21.17,53.93,23.74,53.68,23.12,53.65,22.21,53.81,18.81,53.87,19.88,53.72,19.73,53.61,19.7,53.78,18.7,48.92,3.56,53.31,11.44,52.63,13.37,52.66,12.9,53.64,10.42,53.73,10.88,53.64,7.06,53.52,4.41,51.52,4.41,46.95,6.1,45.85,4.81,44.8,2.77,43.68,0.21,38.81,4.28,53.67,4.41,46.87,9.46,46.9,4.2
59.67,17.88,59.96,19.73,59.95,21.41,59.88,19.33,60,19.85,59.57,20.21,53.73,20.23,59.87,20.69,59.82,21.15,59.92,23.76,59.65,22.97,59.61,21.92,59.79,18.58,59.85,19.79,59.69,19.64,59.57,19.7,59.76,18.47,61.44,1.96,59.23,9.99,58.48,11.3,58.51,10.85,59.59,8.66,59.7,9.06,59.24,4.02,53.75,4.37,51.75,4.37,51.21,4.61,46.3,4.69,46.65,0.44,47.42,-1.9,40.01,2.86,55.05,2.9,52.73,7.95,52.76,3.6
65.63,17.51,65.96,19.49,65.94,21.34,65.87,19.46,66,19.69,65.53,19.89,59.71,20.23,65.85,20.67,65.81,21.14,65.92,23.78,65.61,22.79,65.57,21.63,65.77,18.38,65.84,19.68,65.66,19.61,65.52,19.63,65.73,18.19,63.99001,1.01,65.16,8.12,64.32,9.81,64.36,8.95,65.55,7.11,65.67,6.52,63.38,1.95,56.47,-1.71,54.47,-1.71,51.55,4.53,47.14,3.76,49.63,-1.84,50.12,-1.37,42.59,0.08,58,-0.11,58.59,5.4,55.28,2.98
71.6,17.33,71.95,19.34,71.94,21.28,71.85,19.49,72,19.57,71.48,19.61,65.68,20.24,71.84,20.62,71.79,21.17,71.91,23.74,71.58,22.68,71.53,21.38,71.75,18.15,71.82,19.52,71.63,19.51,71.48,19.48,71.71,17.87,66.77,0.16,71.08,5.7,70.17,8.62,70.21,7.81,69.6,6.13,71.56,3.68,65.14,0.27,60.56,-1.16,58.56,-1.16,52.18,3.58,47.81,2.72,52.75,-1.31,57.11,-1.02,46.75,-1.93,62.78,-1.98,64.45,4.44,58.96,-0.47
77.57,17.21,77.95,18.94,77.93,21.25,77.84,19.54,78,19.37,77.44,19.21,71.65,20.21,77.83,20.58,77.77,21.12,77.9,23.71,77.54,22.82,77.5,21.4,77.72,17.88,77.81,19.45,77.6,19.38,77.44,19.46,77.68,17.55,75.73,-0.07,78.50999,3.49,76.02,7.21,76.06,6.18,77.37,3.28,71.86,3.58,68.09,-1.05,71.15,-1.48,69.15,-1.48,52.69,2.68,49.28,0.63,60.81,-1.16,60.55,-0.85,49.22,-1.41,64.91,-1.46,67.2,2.94,64.91,-2.07
83.53,17.02,83.95,18.71,83.93,21.26,83.83,19.54,84,19.13,83.4,19.15,77.62,20.18,83.81,20.46,83.75,21.2,83.89,23.65,83.51,22.78,83.46,21.34,83.7,17.64,83.79,19.29,83.56,19.19,83.39,19.28,83.66,17.17,77.02,-0.15,90.5,2.12,81.87,5.6,81.91,3.95,87.8,2.59,79.75,2.33,68.52,-1.28,76.35,-1.66,74.35,-1.66,53.79,0.8,51.63,-1.79,64.78,-1.09,65.56,-0.15,55.62,-0.94,70.45,-0.83,70.50999,-0.29,66.4,-1.56
89.5,16.96,89.94,18.64,89.92,21.29,89.82,19.5,89.99,18.93,89.36,19.26,83.59,20.11,89.8,20.44,89.74,21.12,89.89,23.38,89.47,22.75,89.42,21.21,89.68,17.38,89.78,18.98,89.53,18.93,89.35,19,89.63,16.8,87.47,1.44,92.94,1.07,86.00999,4.31,83.05,3.34,92.23,-0.24,83.1,-0.03,71.87,-0.81,83.96,-1.09,81.96,-1.09,55.56,-1.75,55.09,-1.26,70.56,-0.43,65.57,-0.14,58.76,-0.72,73.16,-0.53,75.86,-2.02,70.27,-0.62
95.47,16.87,95.94,18.64,95.91,21.37,95.81,19.5,95.99,18.82,95.31,19.35,89.56,20,95.79,20.29,95.72,21.02,95.88,23.26,95.44,22.64,95.38,21.07,95.66,17.05,95.76,18.63,95.5,18.61,95.3,18.86,95.61,16.5,92.59,2.26,95.60001,0.06,88.42999,3.44,93.9,2.46,99.69,-0.23,83.12,-0.03,80.53,-0.79,118.12,2.34,116.12,2.34,59.34,-1.21,64.04,-1.27,70.58,-0.42,79.73,2.19,63.34,0.01,77.12,0.24,77.68,-1.51,72.17,-0.16
101.43,16.59,101.94,18.47,101.91,21.52,101.79,19.53,101.99,18.76,101.27,19.28,95.53,19.98,101.77,20.14,101.7,20.81,101.87,23.1,101.4,22.53,101.34,20.92,101.64,16.62,101.75,18.32,101.47,18.31,101.26,18.68,101.58,16.14,104.13,3.78,104.18,-0.11,100.02,2.24,96.11,1.19,100.77,-0.34,88.75,-0.56,84.78,-0.79,118.83,4.47,119.11,8.51,69.12,-1.38,68.44,-1.29,86.91,1.85,88.13,4.27,63.36,0.02,77.14,0.25,82.4,-0.73,74.94,0.68
107.4,16.34,107.93,18.11,107.9,21.61,107.78,19.57,107.99,18.69,107.23,19.21,101.5,19.97,107.76,20,107.68,20.6,107.86,22.95,107.36,22.45,107.3,21.07,107.62,16.25,107.73,17.96,107.44,18.07,107.22,18.37,107.56,15.7,110.34,6.48,105.42,-0.2,102.38,1.11,98.52,-0.16,110.88,1.35,89.57,-0.72,87.94,-0.51,118.92,4.49,125.06,12.19,73.92,-1.48,74.86,-0.66,96.61,3.69,88.85,4.63,76.31,2.38,88.34,2.65,84.72,-0.35,82.78,3.18
113.37,16.15,113.93,17.76,113.9,21.69,113.77,19.6,113.99,18.64,113.18,19.2,107.47,19.91,113.75,19.8,113.67,20.48,113.86,22.83,113.33,22.37,113.26,21.16,113.6,15.93,113.72,17.69,113.41,17.87,113.17,17.92,113.54,15.29,116.15,8.83,115.79,1.42,104.95,-0.02,106.28,-0.2,127.03,4.3,91.96,-0.36,91.01,-0.22,124.87,6.98,131.02,14.48,80.94,-0.88,74.88,-0.66,97.15,5.25,94.78,7.82,83.99,4.59,94.98,5.05,88.09,0.46,87.93,4.3
119.33,15.91,119.92,17.57,119.89,21.79,119.76,19.64,119.99,18.59,119.14,19.26,113.44,19.86,119.73,19.72,119.65,20.34,119.85,22.64,119.29,22.38,119.22,21.21,119.58,15.62,119.71,17.39,119.38,17.69,119.13,17.38,119.51,14.87,121.95,10.39,120.87,2.26,113.24,-0.14,107.41,-0.3,132.3,6.62,98.14,0.1,118.95,2.96,130.82,9.29,136.97,14.61,80.96,-0.88,93.01,1.57,97.22,5.27,100.7,10.87,88.88,6.6,101.37,5.89,97.65,2.91,93.79,5.27
125.3,15.17,125.92,17.52,125.89,21.82,125.75,19.74,125.99,18.54,125.1,19.28,119.41,19.77,125.72,19.57,125.63,20.22,125.84,22.36,125.26,22.34,125.18,21.21,125.55,15.39,125.69,16.98,125.35,17.35,125.09,16.99,125.49,14.41,127.76,11.81,132.32,3.91,114.44,-0.24,117.59,1.37,137.07,8.92,101.18,0.32,125.16,7.99,136.76,10.43,142.93,14.42,100.76,1.31,103.77,3.21,98.98,6.44,106.62,12.76,94.81,9.06,107.33,8.04,103.31,5.49,99.66,8.06
131.27,14.02,131.92,17.54,131.88,21.71,131.73,19.79,131.99,18.46,131.05,19.19,125.38,19.74,131.71,19.43,131.61,20.07,131.83,21.97,131.22,22.11,131.15,21.06,131.53,15.21,131.68,16.48,131.32,17.04,131.04,16.62,131.46,13.85,133.57,12.89,142.16,8.68,124.74,1.4,122.59,2.26,143.03,9.88,103.43,0.6,131.11,9.7,142.71,10.76,148.88,14.54,112.52,2.77,104.37,4.98,104.8,10.08,112.55,13.99,100.73,11.27,113.3,10.8,103.63,6.28,105.52,10.54
137.23,13.12,137.91,17.62,137.88,21.67,137.72,19.78,137.99,18.29,137.01,19.1,131.35,19.7,137.69,19.34,137.6,19.79,137.83,21.58,137.19,21.95,137.11,20.91,137.51,15.13,137.66,16.03,137.28,16.65,137,16.12,137.44,13.39,139.38,14.4,148.08,9.91,129.8,2.26,133.84,4.19,148.99,9.9,105.63,0.89,137.07,10.61,148.66,12.03,154.84,15.15,117.37,3.11,104.45,4.99,110.62,12.27,118.47,15.77,106.66,13.36,119.26,12.9,103.68,6.3,111.38,11.66
143.2,12.7,143.91,17.78,143.87,21.68,143.71,19.86,143.99,18.19,142.97,19.1,137.32,19.64,143.68,19.24,143.58,19.51,143.82,21.3,143.15,21.8,143.07,20.77,143.49,15.08,143.65,15.64,143.25,16.3,142.96,15.56,143.41,13.02,145.18,16.08,154,9.98,141.17,4.01,137.94,6.1,154.95,11.51,125.58,3.76,143.03,11.66,154.6,14.8,160.79,16.37,123.24,3.75,107.53,6.23,116.44,15.11,124.39,18.18,112.59,15.52,125.22,14.04,111.32,7.85,117.24,11.91
149.17,12.9,149.91,17.73,149.87,21.54,149.7,19.91,149.99,18.13,148.93,19.16,143.29,19.58,149.67,19.13,149.56,19.3,149.81,21.14,149.12,21.57,149.03,20.75,149.47,15.09,149.63,15.32,149.22,16,148.91,14.98,149.39,12.72,150.99,17.01,159.93,11.77,145.64,6.25,139.08,6.59,160.9,13.91,131.35,5.34,148.99,13.96,160.55,17,166.75,17.59,129.11,5.23,113.51,8.82,122.27,18.4,130.32,19.46,118.51,17.85,131.19,14.97,117.17,9.97,123.1,12.69
155.13,13.4,155.9,17.45,155.86,21.86,155.69,19.89,155.99,18,154.88,19.32,149.26,19.58,155.65,18.99,155.54,19.13,155.8,21.01,155.08,21.28,154.99,20.77,155.45,15.05,155.62,15.04,155.19,15.73,154.87,14.41,155.37,12.4,156.8,17.52,165.85,14.88,152.04,8.18,139.41,6.73,166.86,16.52,137.32,7.86,154.95,16.74,166.49,18.29,172.7,18.16,134.97,7.97,119.48,11.58,128.09,20.04,136.24,19.14,124.44,19.04,137.15,15.57,123.03,11.35,128.97,13.02
161.1,13.77,161.9,17.05,161.86,22.37,161.67,20.06,161.99,17.98,160.84,19.46,155.23,19.57,161.64,18.81,161.53,19.02,161.8,20.78,161.05,20.92,160.95,20.68,161.43,15.05,161.6,14.82,161.16,15.51,160.83,14,161.34,12.16,162.61,17.95,171.77,16.62,157.89,9.31,146.27,9.13,172.82,18.53,143.29,9.42,160.91,18.64,172.44,19.43,178.66,18.41,140.84,11.21,125.46,13.61,133.91,20.35,142.16,18.55,130.36,18.77,143.11,16.62,128.89,11.91,NaN,NaN
167.07,14.01,167.89,16.57,167.85,22.01,167.66,20.2,167.99,17.99,166.8,19.54,161.21,19.56,167.62,18.64,167.51,18.8,167.79,20.38,167.01,20.62,166.91,20.53,167.41,15.09,167.59,14.65,167.13,15.29,166.78,13.62,167.32,11.99,168.41,18.38,177.7,17.95,163.73,10.01,152.12,11.3,178.78,19.48,149.26,10.05,166.87,19.17,178.39,21.14,184.61,18.49,146.71,13.91,131.43,13.98,139.73,19.65,NaN,NaN,136.29,18.41,149.08,17.6,134.75,13.22,NaN,NaN
173.03,14.17,173.89,16,173.84,20.67,173.65,20.15,173.99,17.97,172.75,19.7,167.18,19.55,173.61,18.49,173.49,18.63,173.78,20.01,172.98,20.2,172.87,20.36,173.38,15.03,173.57,14.49,173.1,15.06,172.74,13.31,173.29,11.87,NaN,NaN,183.62,18.72,169.58,11.06,157.98,12.38,184.74,19.97,155.23,11.37,172.83,20.1,184.33,22.85,NaN,NaN,152.58,15.32,137.4,13.56,145.56,18.87,NaN,NaN,NaN,NaN,155.04,17.68,NaN,NaN,NaN,NaN
179,14.35,179.89,15.55,179.84,18.77,179.64,20.2,179.99,17.93,178.71,19.63,173.15,19.51,179.6,18.43,179.47,18.39,179.77,19.86,178.94,19.68,178.83,20.21,179.36,15.02,179.56,14.38,179.07,14.81,178.7,12.97,179.27,11.86,NaN,NaN,189.54,18.96,175.43,13.24,163.83,12.77,190.7,21.11,161.2,14.46,178.79,21.82,190.28,23.61,NaN,NaN,158.45,15.35,143.38,13.29,151.38,18.71,NaN,NaN,NaN,NaN,NaN,NaN,NaN,NaN,NaN,NaN
184.97,14.67,185.88,15.13,185.83,16.22,185.63,20.22,185.99,17.87,184.67,19.46,179.12,19.48,185.58,18.4,185.46,18.31,185.77,19.8,184.9,19.35,184.8,20.11,185.34,14.98,185.54,14.24,185.04,14.54,184.65,12.82,185.24,11.85,NaN,NaN,195.47,18.78,181.28,15.8,169.68,12.96,196.66,22.84,167.17,17.29,184.75,22.79,196.23,23.74,NaN,NaN,164.32,15.28,149.35,13.16,NaN,NaN,NaN,NaN,NaN,NaN,NaN,NaN,NaN,NaN,NaN,NaN
190.93,15.13,191.88,14.66,191.83,14.13,191.61,20.28,191.99,17.84,190.62,19.36,185.09,19.43,191.57,18.31,191.44,18.23,191.76,19.68,190.87,19.02,190.76,19.98,191.32,15,191.53,14.05,191,14.3,190.61,12.74,191.22,11.84,NaN,NaN,201.39,18.7,187.12,17.1,175.53,14.94,202.62,23.53,173.14,19.22,190.71,23.23,202.17,23.84,NaN,NaN,NaN,NaN,155.33,13.07,NaN,NaN,NaN,NaN,NaN,NaN,NaN,NaN,NaN,NaN,NaN,NaN
196.9,15.4,197.88,14.31,197.82,12.89,197.6,20.34,197.99,17.85,196.58,19.74,191.06,19.37,197.56,18.22,197.42,18.26,197.75,19.55,196.83,18.6,196.72,19.81,197.3,15.02,197.51,13.99,196.97,14.14,196.57,12.69,197.19,11.87,NaN,NaN,NaN,NaN,192.97,17.46,181.38,16.88,208.58,23.71,179.11,20.83,196.67,23.53,208.12,23.9,NaN,NaN,NaN,NaN,161.3,13.01,NaN,NaN,NaN,NaN,NaN,NaN,NaN,NaN,NaN,NaN,NaN,NaN
202.87,15.63,203.87,14.03,203.82,11.43,203.59,20.34,203.99,17.92,202.54,19.56,197.03,19.34,203.54,18.13,203.4,18.26,203.74,19.19,202.8,18.27,202.68,19.52,203.28,15.03,203.5,14.02,202.94,14.02,202.52,12.73,203.17,11.98,NaN,NaN,NaN,NaN,198.82,17.68,187.23,17.98,NaN,NaN,185.08,21.98,202.63,23.96,214.06,24.07,NaN,NaN,NaN,NaN,167.27,13.19,NaN,NaN,NaN,NaN,NaN,NaN,NaN,NaN,NaN,NaN,NaN,NaN
208.83,15.59,209.87,13.64,209.81,9.46,209.58,20.38,209.99,17.97,208.5,17.58,203,19.2,209.53,18.07,209.39,18.22,209.74,19,208.76,17.94,208.64,19.34,209.26,15,209.48,14.09,208.91,13.92,208.48,12.8,209.15,12.1,NaN,NaN,NaN,NaN,204.67,18.13,193.08,19.41,NaN,NaN,191.05,22.96,208.59,24.28,220.01,24.56,NaN,NaN,NaN,NaN,173.25,13.36,NaN,NaN,NaN,NaN,NaN,NaN,NaN,NaN,NaN,NaN,NaN,NaN
214.8,15.56,215.86,13.1,215.81,7.4,215.56,20.41,215.99,17.9,214.45,15.42,208.97,18.97,215.52,18.03,215.37,18.2,215.73,18.97,214.73,17.71,214.6,19.21,215.24,14.92,215.47,14.1,214.88,13.92,214.44,12.85,215.12,12.21,NaN,NaN,NaN,NaN,NaN,NaN,198.93,20.16,NaN,NaN,197.02,23.95,214.55,24.44,225.96,25.55,NaN,NaN,NaN,NaN,NaN,NaN,NaN,NaN,NaN,NaN,NaN,NaN,NaN,NaN,NaN,NaN,NaN,NaN
220.77,15.61,221.86,12.63,221.8,5.53,221.55,20.37,221.99,17.83,220.41,13.73,214.94,18.75,221.5,18.1,221.35,18.07,221.72,18.9,220.69,17.7,220.56,19.08,221.21,14.8,221.45,14.21,220.85,13.93,220.39,12.89,221.1,12.37,NaN,NaN,NaN,NaN,NaN,NaN,204.78,20.35,NaN,NaN,202.99,23.96,NaN,NaN,231.9,26.83,NaN,NaN,NaN,NaN,NaN,NaN,NaN,NaN,NaN,NaN,NaN,NaN,NaN,NaN,NaN,NaN,NaN,NaN
226.73,15.35,227.86,12.17,226.05,4.62,227.54,20.42,227.99,17.83,226.37,12.61,220.91,18.56,227.49,18.2,227.33,17.89,227.71,18.76,226.66,17.65,226.52,18.93,227.19,14.66,227.44,14.38,226.82,13.92,226.35,12.91,227.07,12.52,NaN,NaN,NaN,NaN,NaN,NaN,210.63,20.27,NaN,NaN,208.96,24.14,NaN,NaN,237.85,27.75,NaN,NaN,NaN,NaN,NaN,NaN,NaN,NaN,NaN,NaN,NaN,NaN,NaN,NaN,NaN,NaN,NaN,NaN
232.7,14.84,233.85,11.74,228.51,2.19,233.53,20.46,233.99,17.76,232.32,12.17,226.88,18.56,233.48,18.34,233.31,17.89,233.71,18.46,232.62,17.58,232.49,18.73,233.17,14.54,233.43,14.54,232.79,13.88,232.31,12.92,233.05,12.67,NaN,NaN,NaN,NaN,NaN,NaN,216.49,20.18,NaN,NaN,214.93,24.24,NaN,NaN,243.8,27.71,NaN,NaN,NaN,NaN,NaN,NaN,NaN,NaN,NaN,NaN,NaN,NaN,NaN,NaN,NaN,NaN,NaN,NaN
238.67,14.42,239.85,11.41,240.63,-2.1,239.52,20.41,239.99,17.75,238.28,11.22,232.85,18.33,239.46,18.48,239.3,17.91,239.7,18.1,238.59,17.44,238.45,18.46,239.15,14.43,239.41,14.61,238.76,13.88,238.26,13.08,239.02,12.77,NaN,NaN,NaN,NaN,NaN,NaN,222.34,20.08,NaN,NaN,220.9,24.34,NaN,NaN,249.74,26.27,NaN,NaN,NaN,NaN,NaN,NaN,NaN,NaN,NaN,NaN,NaN,NaN,NaN,NaN,NaN,NaN,NaN,NaN
244.63,13.73,245.85,11.18,270.26,-3.59,245.5,20.45,245.99,17.73,244.24,8.72,238.82,17.65,245.45,18.5,245.28,17.86,245.69,17.86,244.55,17.31,244.41,18.19,245.13,14.16,245.4,14.69,244.72,13.91,244.22,13.37,245,12.92,NaN,NaN,NaN,NaN,NaN,NaN,228.19,19.97,NaN,NaN,226.88,24.24,NaN,NaN,NaN,NaN,NaN,NaN,NaN,NaN,NaN,NaN,NaN,NaN,NaN,NaN,NaN,NaN,NaN,NaN,NaN,NaN,NaN,NaN
250.6,12.87,251.84,10.81,290.88,3.08,251.49,20.56,251.99,17.8,250.04,5.91,244.79,17.22,251.44,18.49,251.26,17.72,251.68,17.73,250.52,17.3,250.37,17.9,251.11,14.03,251.38,14.65,250.69,13.99,250.17,13.67,250.97,13.21,NaN,NaN,NaN,NaN,NaN,NaN,234.04,20.09,NaN,NaN,NaN,NaN,NaN,NaN,NaN,NaN,NaN,NaN,NaN,NaN,NaN,NaN,NaN,NaN,NaN,NaN,NaN,NaN,NaN,NaN,NaN,NaN,NaN,NaN
256.57,11.77,257.84,10.27,296.28,5.33,257.48,20.55,257.98,17.88,253.88,3.55,250.76,16.36,257.42,18.44,257.24,17.53,257.68,17.56,256.48,17.34,256.33,17.59,257.09,13.95,257.37,14.54,256.66,14.09,256.13,13.79,256.95,13.38,NaN,NaN,NaN,NaN,NaN,NaN,NaN,NaN,NaN,NaN,NaN,NaN,NaN,NaN,NaN,NaN,NaN,NaN,NaN,NaN,NaN,NaN,NaN,NaN,NaN,NaN,NaN,NaN,NaN,NaN,NaN,NaN,NaN,NaN
262.81,10.27,263.83,9.35,299.73,6.45,263.47,20.53,263.98,17.89,280.4,1.33,256.73,14.74,263.41,18.51,263.23,17.43,263.67,17.39,262.45,17.39,262.29,17.36,263.07,14.24,263.35,14.4,262.63,14.25,262.09,13.98,262.93,13.5,NaN,NaN,NaN,NaN,NaN,NaN,NaN,NaN,NaN,NaN,NaN,NaN,NaN,NaN,NaN,NaN,NaN,NaN,NaN,NaN,NaN,NaN,NaN,NaN,NaN,NaN,NaN,NaN,NaN,NaN,NaN,NaN,NaN,NaN
268.81,8.21,269.83,7.96,305.73,7.98,269.46,20.53,269.98,17.91,294.27,-1.78,262.7,13.18,269.4,18.63,269.21,17.36,269.66,17.25,268.41,17.25,268.25,17.2,269.04,14.83,269.34,14.25,268.6,14.41,268.04,14.12,268.9,13.92,NaN,NaN,NaN,NaN,NaN,NaN,NaN,NaN,NaN,NaN,NaN,NaN,NaN,NaN,NaN,NaN,NaN,NaN,NaN,NaN,NaN,NaN,NaN,NaN,NaN,NaN,NaN,NaN,NaN,NaN,NaN,NaN,NaN,NaN
274.8,6.34,275.83,6.26,311.72,9.23,275.44,20.51,275.98,17.91,327.99,0.29,268.68,12.59,275.38,18.63,275.19,17.28,275.65,17.12,274.38,17.04,274.21,17.02,275.02,14.39,275.32,14.13,274.57,14.56,274,14.29,274.88,14.6,NaN,NaN,NaN,NaN,NaN,NaN,NaN,NaN,NaN,NaN,NaN,NaN,NaN,NaN,NaN,NaN,NaN,NaN,NaN,NaN,NaN,NaN,NaN,NaN,NaN,NaN,NaN,NaN,NaN,NaN,NaN,NaN,NaN,NaN
279.05,5.43,284.05,5.15,317.72,10.51,281.43,20.48,281.98,17.91,333.23,3.16,274.65,11.83,281.37,18.63,281.17,17.2,281.65,16.94,280.34,16.8,280.17,16.79,281,13.91,281.31,14,280.54,14.62,279.96,14.48,280.85,14.37,NaN,NaN,NaN,NaN,NaN,NaN,NaN,NaN,NaN,NaN,NaN,NaN,NaN,NaN,NaN,NaN,NaN,NaN,NaN,NaN,NaN,NaN,NaN,NaN,NaN,NaN,NaN,NaN,NaN,NaN,NaN,NaN,NaN,NaN
281.51,3,286.51,2.72,323.71,11.88,287.42,20.44,287.98,17.91,337.89,7.31,280.62,9.59,287.36,18.75,287.16,16.83,287.64,16.86,286.3,16.73,286.14,16.7,286.98,12.95,287.29,13.82,286.51,14.62,285.91,14.61,286.83,13.59,NaN,NaN,NaN,NaN,NaN,NaN,NaN,NaN,NaN,NaN,NaN,NaN,NaN,NaN,NaN,NaN,NaN,NaN,NaN,NaN,NaN,NaN,NaN,NaN,NaN,NaN,NaN,NaN,NaN,NaN,NaN,NaN,NaN,NaN
293.63,-1.29,298.63,-1.57,329.71,13.19,293.41,20.41,293.98,17.95,339.55,8.14,286.59,6.08,293.34,18.77,293.14,16.41,293.63,16.68,292.27,16.66,292.1,16.63,292.96,10.55,293.28,13.69,292.48,14.6,291.87,14.74,292.8,12.6,NaN,NaN,NaN,NaN,NaN,NaN,NaN,NaN,NaN,NaN,NaN,NaN,NaN,NaN,NaN,NaN,NaN,NaN,NaN,NaN,NaN,NaN,NaN,NaN,NaN,NaN,NaN,NaN,NaN,NaN,NaN,NaN,NaN,NaN
323.26,-2.78,328.26,-3.06,335.7,14.22,299.4,20.35,299.98,17.99,345.51,10.9,288.454,4.687,299.33,18.89,299.12,16.15,299.62,16.46,298.23,16.56,298.06,16.67,298.94,6.58,299.26,13.62,298.44,14.54,297.83,14.79,298.78,10.8,NaN,NaN,NaN,NaN,NaN,NaN,NaN,NaN,NaN,NaN,NaN,NaN,NaN,NaN,NaN,NaN,NaN,NaN,NaN,NaN,NaN,NaN,NaN,NaN,NaN,NaN,NaN,NaN,NaN,NaN,NaN,NaN,NaN,NaN
343.88,3.89,347.78,3.39,341.7,15.06,305.38,20.22,305.98,18.04,351.46,11.96,298.994,2.863,305.32,18.96,305.1,15.91,305.62,16.2,304.2,16.37,304.02,16.81,302.061,4.242,305.25,13.36,304.41,14.38,303.78,14.85,304.75,7.68,NaN,NaN,NaN,NaN,NaN,NaN,NaN,NaN,NaN,NaN,NaN,NaN,NaN,NaN,NaN,NaN,NaN,NaN,NaN,NaN,NaN,NaN,NaN,NaN,NaN,NaN,NaN,NaN,NaN,NaN,NaN,NaN,NaN,NaN
349.28,6.14,353.78,3.37,347.69,15.79,311.37,20.16,311.98,17.97,357.42,12.47,309.392,1.078,311.3,18.96,311.09,15.81,311.61,15.91,310.16,16.09,309.98,16.82,312.378,2.212,311.23,11.69,310.38,14.24,309.74,14.91,313.15,3.64,NaN,NaN,NaN,NaN,NaN,NaN,NaN,NaN,NaN,NaN,NaN,NaN,NaN,NaN,NaN,NaN,NaN,NaN,NaN,NaN,NaN,NaN,NaN,NaN,NaN,NaN,NaN,NaN,NaN,NaN,NaN,NaN,NaN,NaN
352.73,7.26,359.77,3.71,353.68,16.36,317.36,20.1,317.98,17.83,363.38,14.31,320.342,-1.749,317.29,18.98,317.07,15.66,317.6,15.02,316.13,16.11,315.94,16.71,318.794,0.953,317.22,8.08,316.35,14.17,315.7,14.83,326.3,1.77,NaN,NaN,NaN,NaN,NaN,NaN,NaN,NaN,NaN,NaN,NaN,NaN,NaN,NaN,NaN,NaN,NaN,NaN,NaN,NaN,NaN,NaN,NaN,NaN,NaN,NaN,NaN,NaN,NaN,NaN,NaN,NaN,NaN,NaN
358.73,8.79,365.77,4.17,359.68,16.87,323.35,20.02,323.98,17.71,369.34,16.15,338.576,-0.563,323.28,18.91,323.05,15.4,323.59,13.41,322.09,16.57,321.9,16.76,333.274,-0.321,320.71,5.81,322.32,14.04,321.65,14.51,328.97,0.94,NaN,NaN,NaN,NaN,NaN,NaN,NaN,NaN,NaN,NaN,NaN,NaN,NaN,NaN,NaN,NaN,NaN,NaN,NaN,NaN,NaN,NaN,NaN,NaN,NaN,NaN,NaN,NaN,NaN,NaN,NaN,NaN,NaN,NaN
364.72,10.04,371.77,4.65,365.67,17.45,329.33,20,329.98,17.62,375.29,17.67,357.423,1.632,329.26,18.69,329.03,15.1,329.59,12.64,328.06,14.98,327.86,16.86,346.388,1.193,326.16,3.85,328.29,14.01,327.61,14.27,331.9,0.28,NaN,NaN,NaN,NaN,NaN,NaN,NaN,NaN,NaN,NaN,NaN,NaN,NaN,NaN,NaN,NaN,NaN,NaN,NaN,NaN,NaN,NaN,NaN,NaN,NaN,NaN,NaN,NaN,NaN,NaN,NaN,NaN,NaN,NaN
370.72,11.32,377.76,5.15,371.67,18.05,335.32,20.02,335.98,17.56,381.25,19.2,360.111,1.839,335.25,18.52,335.02,14.83,335.58,12.4,334.02,13.05,333.82,16.82,352.256,2.037,343.91,0.75,334.26,14.05,333.57,14.01,341.31,-0.02,NaN,NaN,NaN,NaN,NaN,NaN,NaN,NaN,NaN,NaN,NaN,NaN,NaN,NaN,NaN,NaN,NaN,NaN,NaN,NaN,NaN,NaN,NaN,NaN,NaN,NaN,NaN,NaN,NaN,NaN,NaN,NaN,NaN,NaN
375.9,12.45,383.76,5.92,377.66,18.56,341.31,20.08,341.98,17.81,387.21,20.47,362.609,2.531,341.24,18.36,341,14.49,341.57,10.71,339.99,12.76,339.79,16.75,359.941,2.839,359.27,0.04,340.23,14.23,339.52,13.72,342.66,-0.1,NaN,NaN,NaN,NaN,NaN,NaN,NaN,NaN,NaN,NaN,NaN,NaN,NaN,NaN,NaN,NaN,NaN,NaN,NaN,NaN,NaN,NaN,NaN,NaN,NaN,NaN,NaN,NaN,NaN,NaN,NaN,NaN,NaN,NaN
381.87,13.84,389.76,7.17,383.66,18.77,347.3,20.12,347.98,16.87,393.16,21.17,366.291,3.695,347.22,18.17,346.98,14.26,347.56,6.88,345.95,12.22,345.75,16.7,363.671,3.146,375.36,2.27,346.2,13.62,345.48,13.37,353.21,1.47,NaN,NaN,NaN,NaN,NaN,NaN,NaN,NaN,NaN,NaN,NaN,NaN,NaN,NaN,NaN,NaN,NaN,NaN,NaN,NaN,NaN,NaN,NaN,NaN,NaN,NaN,NaN,NaN,NaN,NaN,NaN,NaN,NaN,NaN
387.84,15.35,395.75,9.13,NaN,NaN,353.29,20.2,353.98,15,399.12,21.54,370.18,5.32,353.21,17.99,352.96,13.84,350.31,5.58,351.92,9.65,351.71,16.59,366.319,3.421,387.28,3.22,352.16,11.32,351.44,13.34,358.38,2.26,NaN,NaN,NaN,NaN,NaN,NaN,NaN,NaN,NaN,NaN,NaN,NaN,NaN,NaN,NaN,NaN,NaN,NaN,NaN,NaN,NaN,NaN,NaN,NaN,NaN,NaN,NaN,NaN,NaN,NaN,NaN,NaN,NaN,NaN
393.8,16.87,401.75,11.43,NaN,NaN,359.27,20.31,359.98,12.94,405.08,21.73,376.15,7.88,359.2,17.83,358.95,11.81,357.21,3.3,358.06,4.892,357.67,16.27,370.68,4.97,393.35,6.92,358.13,7.81,357.39,12.61,370.03,3.62,NaN,NaN,NaN,NaN,NaN,NaN,NaN,NaN,NaN,NaN,NaN,NaN,NaN,NaN,NaN,NaN,NaN,NaN,NaN,NaN,NaN,NaN,NaN,NaN,NaN,NaN,NaN,NaN,NaN,NaN,NaN,NaN,NaN,NaN
399.77,19.03,407.74,13.91,NaN,NaN,365.26,20.4,365.98,11.61,411.03,21.62,382.12,10.4,365.18,17.64,364.094,5.426,371.41,2.05,367.338,2.664,363.63,15.97,376.66,7.41,395.03,7.56,364.06,3.8,363.35,9.83,375.29,6.57,NaN,NaN,NaN,NaN,NaN,NaN,NaN,NaN,NaN,NaN,NaN,NaN,NaN,NaN,NaN,NaN,NaN,NaN,NaN,NaN,NaN,NaN,NaN,NaN,NaN,NaN,NaN,NaN,NaN,NaN,NaN,NaN,NaN,NaN
405.74,21.14,413.74,16.13,NaN,NaN,371.25,20.47,371.98,11.14,416.99,21.44,388.09,11.96,371.17,16.82,372.517,3.037,380.39,0,373.109,1.289,369.59,15.71,382.64,9.56,401.01,10.06,378.41,1.4,369.31,6.37,382.44,8.3,NaN,NaN,NaN,NaN,NaN,NaN,NaN,NaN,NaN,NaN,NaN,NaN,NaN,NaN,NaN,NaN,NaN,NaN,NaN,NaN,NaN,NaN,NaN,NaN,NaN,NaN,NaN,NaN,NaN,NaN,NaN,NaN,NaN,NaN
411.7,22.26,419.74,18,NaN,NaN,377.24,20.47,377.98,10.22,422.95,21.37,394.06,12.5,377.16,15.77,377.756,1.565,406.69,-1.95,386.132,-0.92,375.55,15.45,388.62,10.44,407,11.78,381.32,0.8,375.17,3.72,388.41,9.29,NaN,NaN,NaN,NaN,NaN,NaN,NaN,NaN,NaN,NaN,NaN,NaN,NaN,NaN,NaN,NaN,NaN,NaN,NaN,NaN,NaN,NaN,NaN,NaN,NaN,NaN,NaN,NaN,NaN,NaN,NaN,NaN,NaN,NaN
417.67,22.76,425.73,19.31,NaN,NaN,383.23,20.4,383.98,8.04,428.91,21.3,400.03,14.52,383.14,15.46,389.581,-1.412,409.21,-1.43,402.554,0.55,381.51,15.2,394.6,12.67,412.98,12.03,384.52,0.52,388.93,1.58,394.39,10.76,NaN,NaN,NaN,NaN,NaN,NaN,NaN,NaN,NaN,NaN,NaN,NaN,NaN,NaN,NaN,NaN,NaN,NaN,NaN,NaN,NaN,NaN,NaN,NaN,NaN,NaN,NaN,NaN,NaN,NaN,NaN,NaN,NaN,NaN
423.64,23.16,431.73,19.44,NaN,NaN,389.21,20.29,389.363,5.557,434.86,21.33,406,18.72,389.13,15.12,408.726,0.021,419.77,2.43,409.905,1.651,387.48,14.87,400.58,15.24,418.97,12.55,394.79,0.08,391.72,0.87,400.36,13,NaN,NaN,NaN,NaN,NaN,NaN,NaN,NaN,NaN,NaN,NaN,NaN,NaN,NaN,NaN,NaN,NaN,NaN,NaN,NaN,NaN,NaN,NaN,NaN,NaN,NaN,NaN,NaN,NaN,NaN,NaN,NaN,NaN,NaN
429.6,23.36,437.73,19.26,NaN,NaN,395.2,20.04,390.138,5.171,440.82,21.41,411.97,21.21,395.12,13.87,417.295,1.334,425.56,6.78,419.53,2.921,393.44,12.93,406.56,17.81,424.95,15.39,396.26,0,394.79,0.4,406.34,15.13,NaN,NaN,NaN,NaN,NaN,NaN,NaN,NaN,NaN,NaN,NaN,NaN,NaN,NaN,NaN,NaN,NaN,NaN,NaN,NaN,NaN,NaN,NaN,NaN,NaN,NaN,NaN,NaN,NaN,NaN,NaN,NaN,NaN,NaN
435.57,23.61,443.72,19.25,NaN,NaN,401.19,20,393.085,3.146,446.78,21.5,417.94,22.42,401.1,10.82,428.516,2.988,431.46,8.51,424.201,3.319,399.4,9.57,412.54,20.78,430.94,18.16,406.99,1.52,404.64,0.03,412.32,16.59,NaN,NaN,NaN,NaN,NaN,NaN,NaN,NaN,NaN,NaN,NaN,NaN,NaN,NaN,NaN,NaN,NaN,NaN,NaN,NaN,NaN,NaN,NaN,NaN,NaN,NaN,NaN,NaN,NaN,NaN,NaN,NaN,NaN,NaN
441.54,23.51,449.72,19.27,NaN,NaN,407.18,21.53,404.713,1.129,452.73,21.54,423.91,23.76,407.09,6.36,433.962,3.461,437.45,9.08,427.518,3.754,407.639,5.066,418.51,22.3,436.92,20.03,412.26,2.27,406.05,-0.05,418.29,17.51,NaN,NaN,NaN,NaN,NaN,NaN,NaN,NaN,NaN,NaN,NaN,NaN,NaN,NaN,NaN,NaN,NaN,NaN,NaN,NaN,NaN,NaN,NaN,NaN,NaN,NaN,NaN,NaN,NaN,NaN,NaN,NaN,NaN,NaN
447.5,23.22,455.71,19.14,NaN,NaN,413.17,24.29,419.826,0.024,458.69,21.59,429.88,24.32,408.5,5.76,437.829,4.028,443.44,9.82,429.46,4.48,408.874,4.586,424.49,22.58,442.91,21.18,424.11,3.32,416.69,1.5,424.27,18.14,NaN,NaN,NaN,NaN,NaN,NaN,NaN,NaN,NaN,NaN,NaN,NaN,NaN,NaN,NaN,NaN,NaN,NaN,NaN,NaN,NaN,NaN,NaN,NaN,NaN,NaN,NaN,NaN,NaN,NaN,NaN,NaN,NaN,NaN
453.47,23.24,461.71,19.02,NaN,NaN,419.15,24.78,433.811,-2.342,464.65,21.62,435.85,24.6,416.39,3.27,442.7,7.2,449.44,12.35,435.42,8.56,418.641,2.451,430.47,22.86,448.9,21.83,429.76,5.29,421.91,2.26,430.24,18.18,NaN,NaN,NaN,NaN,NaN,NaN,NaN,NaN,NaN,NaN,NaN,NaN,NaN,NaN,NaN,NaN,NaN,NaN,NaN,NaN,NaN,NaN,NaN,NaN,NaN,NaN,NaN,NaN,NaN,NaN,NaN,NaN,NaN,NaN
459.44,23.11,467.71,18.94,NaN,NaN,425.14,22.07,462.599,0.878,470.61,21.73,441.82,24.66,432.37,-1.72,448.68,9.69,455.43,15.03,441.39,10.32,424.716,1.131,436.45,23.31,454.88,22.58,435.73,7.77,433.66,3.47,436.22,17.54,NaN,NaN,NaN,NaN,NaN,NaN,NaN,NaN,NaN,NaN,NaN,NaN,NaN,NaN,NaN,NaN,NaN,NaN,NaN,NaN,NaN,NaN,NaN,NaN,NaN,NaN,NaN,NaN,NaN,NaN,NaN,NaN,NaN,NaN
465.4,23.03,473.7,18.97,NaN,NaN,431.13,18.69,467.073,3.135,476.56,21.81,447.79,24.66,453.22,-0.31,454.66,10.93,461.42,17.55,447.35,10.53,438.425,-0.638,442.43,23.87,460.87,23.54,441.7,9.47,440.78,7.35,442.19,17.4,NaN,NaN,NaN,NaN,NaN,NaN,NaN,NaN,NaN,NaN,NaN,NaN,NaN,NaN,NaN,NaN,NaN,NaN,NaN,NaN,NaN,NaN,NaN,NaN,NaN,NaN,NaN,NaN,NaN,NaN,NaN,NaN,NaN,NaN
471.37,22.92,479.7,19.04,NaN,NaN,437.12,16.71,473.97,6.88,482.52,21.98,453.76,24.67,474.77,3.03,460.65,11.49,467.41,19.73,453.32,11.76,453.289,0.853,448.41,24.05,466.85,24.04,447.67,10.96,446.74,9.59,448.17,17.62,NaN,NaN,NaN,NaN,NaN,NaN,NaN,NaN,NaN,NaN,NaN,NaN,NaN,NaN,NaN,NaN,NaN,NaN,NaN,NaN,NaN,NaN,NaN,NaN,NaN,NaN,NaN,NaN,NaN,NaN,NaN,NaN,NaN,NaN
477.34,22.76,NaN,NaN,NaN,NaN,443.1,14.85,479.97,9.7,488.48,22.19,459.73,24.65,480.7,3.55,466.63,13.56,473.41,21.03,459.28,14.07,459.942,1.833,454.39,24.16,472.84,24.71,453.64,12.05,452.7,10.31,454.14,18.01,NaN,NaN,NaN,NaN,NaN,NaN,NaN,NaN,NaN,NaN,NaN,NaN,NaN,NaN,NaN,NaN,NaN,NaN,NaN,NaN,NaN,NaN,NaN,NaN,NaN,NaN,NaN,NaN,NaN,NaN,NaN,NaN,NaN,NaN
483.3,22.6,NaN,NaN,NaN,NaN,449.09,12.67,485.97,11.19,494.43,22.3,465.7,24.48,484.91,4.2,472.61,16.2,479.4,21.55,465.25,16.24,468.653,2.882,460.37,24.42,478.82,24.81,459.6,15.01,458.65,11.98,460.12,18.4,NaN,NaN,NaN,NaN,NaN,NaN,NaN,NaN,NaN,NaN,NaN,NaN,NaN,NaN,NaN,NaN,NaN,NaN,NaN,NaN,NaN,NaN,NaN,NaN,NaN,NaN,NaN,NaN,NaN,NaN,NaN,NaN,NaN,NaN
489.27,22.47,NaN,NaN,NaN,NaN,455.08,9.55,491.97,12.03,500.39,22.35,NaN,NaN,490.9,6.86,478.59,17.78,485.39,21.89,471.21,18.66,472.881,3.237,466.34,24.66,484.81,24.78,465.57,16.94,464.61,14.16,466.1,18.48,NaN,NaN,NaN,NaN,NaN,NaN,NaN,NaN,NaN,NaN,NaN,NaN,NaN,NaN,NaN,NaN,NaN,NaN,NaN,NaN,NaN,NaN,NaN,NaN,NaN,NaN,NaN,NaN,NaN,NaN,NaN,NaN,NaN,NaN
495.24,22.54,NaN,NaN,NaN,NaN,461.07,6.55,497.97,13.41,506.35,22.48,NaN,NaN,496.89,9.26,484.58,18.96,491.38,22.69,477.17,21.51,475.883,3.597,472.32,24.78,490.79,24.83,471.54,18.09,470.57,15.24,472.07,18.32,NaN,NaN,NaN,NaN,NaN,NaN,NaN,NaN,NaN,NaN,NaN,NaN,NaN,NaN,NaN,NaN,NaN,NaN,NaN,NaN,NaN,NaN,NaN,NaN,NaN,NaN,NaN,NaN,NaN,NaN,NaN,NaN,NaN,NaN
501.2,22.57,NaN,NaN,NaN,NaN,467.06,4.51,503.97,15.49,512.3,22.63,NaN,NaN,502.88,10.57,490.56,19.77,497.38,23.78,483.14,22.06,482.85,6.76,478.3,24.78,496.78,24.84,477.51,19.15,476.52,15.79,478.05,18.33,NaN,NaN,NaN,NaN,NaN,NaN,NaN,NaN,NaN,NaN,NaN,NaN,NaN,NaN,NaN,NaN,NaN,NaN,NaN,NaN,NaN,NaN,NaN,NaN,NaN,NaN,NaN,NaN,NaN,NaN,NaN,NaN,NaN,NaN
507.17,22.52,NaN,NaN,NaN,NaN,473.04,3.63,509.97,17.84,518.26,22.8,NaN,NaN,508.86,11.2,496.54,20.69,503.37,24.27,489.1,21.82,488.81,9.07,484.28,24.67,502.76,24.99,483.48,19.74,482.48,15.89,484.02,18.63,NaN,NaN,NaN,NaN,NaN,NaN,NaN,NaN,NaN,NaN,NaN,NaN,NaN,NaN,NaN,NaN,NaN,NaN,NaN,NaN,NaN,NaN,NaN,NaN,NaN,NaN,NaN,NaN,NaN,NaN,NaN,NaN,NaN,NaN
513.14,22.52,NaN,NaN,NaN,NaN,479.03,3.16,515.97,19.61,524.22,23.01,NaN,NaN,514.85,12.93,502.52,22.41,509.36,24.23,495.07,21.94,494.78,9.68,NaN,NaN,508.75,25.03,489.45,20.31,488.44,16.04,490,19.24,NaN,NaN,NaN,NaN,NaN,NaN,NaN,NaN,NaN,NaN,NaN,NaN,NaN,NaN,NaN,NaN,NaN,NaN,NaN,NaN,NaN,NaN,NaN,NaN,NaN,NaN,NaN,NaN,NaN,NaN,NaN,NaN,NaN,NaN
519.1,22.66,NaN,NaN,NaN,NaN,489.479,-0.616,521.97,20.49,530.18,23.09,NaN,NaN,520.83,16.24,508.51,24.07,NaN,NaN,501.03,23.3,500.74,10.37,NaN,NaN,514.73,26.45,495.42,21.43,494.39,15.71,495.97,19.8,NaN,NaN,NaN,NaN,NaN,NaN,NaN,NaN,NaN,NaN,NaN,NaN,NaN,NaN,NaN,NaN,NaN,NaN,NaN,NaN,NaN,NaN,NaN,NaN,NaN,NaN,NaN,NaN,NaN,NaN,NaN,NaN,NaN,NaN
525.07,22.65,NaN,NaN,NaN,NaN,504.741,-1.542,527.97,20.78,536.13,23.08,NaN,NaN,526.82,18.82,514.49,24.58,NaN,NaN,507,24.29,506.7,12.67,NaN,NaN,NaN,NaN,501.39,22.8,500.35,15.38,501.95,20.67,NaN,NaN,NaN,NaN,NaN,NaN,NaN,NaN,NaN,NaN,NaN,NaN,NaN,NaN,NaN,NaN,NaN,NaN,NaN,NaN,NaN,NaN,NaN,NaN,NaN,NaN,NaN,NaN,NaN,NaN,NaN,NaN,NaN,NaN
531.04,22.61,NaN,NaN,NaN,NaN,518.865,-3.017,533.97,20.98,542.09,23.12,NaN,NaN,532.81,21.85,520.47,24.48,NaN,NaN,512.96,24.66,512.66,15.64,NaN,NaN,NaN,NaN,507.36,24.16,506.31,15.76,507.92,22.21,NaN,NaN,NaN,NaN,NaN,NaN,NaN,NaN,NaN,NaN,NaN,NaN,NaN,NaN,NaN,NaN,NaN,NaN,NaN,NaN,NaN,NaN,NaN,NaN,NaN,NaN,NaN,NaN,NaN,NaN,NaN,NaN,NaN,NaN
537,22.73,NaN,NaN,NaN,NaN,541.738,1.583,539.97,21.41,548.05,23.25,NaN,NaN,538.79,24.1,526.45,24.48,NaN,NaN,NaN,NaN,518.62,19.22,NaN,NaN,NaN,NaN,513.33,24.7,512.26,16.26,513.9,24.08,NaN,NaN,NaN,NaN,NaN,NaN,NaN,NaN,NaN,NaN,NaN,NaN,NaN,NaN,NaN,NaN,NaN,NaN,NaN,NaN,NaN,NaN,NaN,NaN,NaN,NaN,NaN,NaN,NaN,NaN,NaN,NaN,NaN,NaN
542.97,22.79,NaN,NaN,NaN,NaN,545.293,3.105,545.97,21.52,554,23.21,NaN,NaN,544.78,24.73,532.44,24.52,NaN,NaN,NaN,NaN,524.58,21.61,NaN,NaN,NaN,NaN,519.29,24.58,518.22,16.64,519.88,25.72,NaN,NaN,NaN,NaN,NaN,NaN,NaN,NaN,NaN,NaN,NaN,NaN,NaN,NaN,NaN,NaN,NaN,NaN,NaN,NaN,NaN,NaN,NaN,NaN,NaN,NaN,NaN,NaN,NaN,NaN,NaN,NaN,NaN,NaN
548.94,22.91,NaN,NaN,NaN,NaN,550.89,4.63,551.97,21.66,559.96,23.25,NaN,NaN,550.77,24.72,538.42,24.79,NaN,NaN,NaN,NaN,530.54,22.67,NaN,NaN,NaN,NaN,525.26,24.71,524.18,17.25,525.85,26.89,NaN,NaN,NaN,NaN,NaN,NaN,NaN,NaN,NaN,NaN,NaN,NaN,NaN,NaN,NaN,NaN,NaN,NaN,NaN,NaN,NaN,NaN,NaN,NaN,NaN,NaN,NaN,NaN,NaN,NaN,NaN,NaN,NaN,NaN
554.9,23.18,NaN,NaN,NaN,NaN,556.87,6.31,557.97,21.65,565.92,23.43,NaN,NaN,556.75,24.59,544.4,25.09,NaN,NaN,NaN,NaN,536.5,22.87,NaN,NaN,NaN,NaN,531.23,24.64,530.13,17.85,531.83,27.31,NaN,NaN,NaN,NaN,NaN,NaN,NaN,NaN,NaN,NaN,NaN,NaN,NaN,NaN,NaN,NaN,NaN,NaN,NaN,NaN,NaN,NaN,NaN,NaN,NaN,NaN,NaN,NaN,NaN,NaN,NaN,NaN,NaN,NaN
560.87,23.5,NaN,NaN,NaN,NaN,562.86,7.86,563.97,21.66,571.87,23.47,NaN,NaN,562.74,23.96,550.38,25.19,NaN,NaN,NaN,NaN,542.46,22.81,NaN,NaN,NaN,NaN,537.2,24.58,536.09,18.85,NaN,NaN,NaN,NaN,NaN,NaN,NaN,NaN,NaN,NaN,NaN,NaN,NaN,NaN,NaN,NaN,NaN,NaN,NaN,NaN,NaN,NaN,NaN,NaN,NaN,NaN,NaN,NaN,NaN,NaN,NaN,NaN,NaN,NaN,NaN,NaN
566.84,23.46,NaN,NaN,NaN,NaN,568.85,9.03,569.97,21.64,577.83,23.42,NaN,NaN,568.73,23.56,556.37,25.16,NaN,NaN,NaN,NaN,548.43,22.98,NaN,NaN,NaN,NaN,NaN,NaN,542.05,21.32,NaN,NaN,NaN,NaN,NaN,NaN,NaN,NaN,NaN,NaN,NaN,NaN,NaN,NaN,NaN,NaN,NaN,NaN,NaN,NaN,NaN,NaN,NaN,NaN,NaN,NaN,NaN,NaN,NaN,NaN,NaN,NaN,NaN,NaN,NaN,NaN
572.8,23.29,NaN,NaN,NaN,NaN,574.84,9.29,575.97,21.6,583.79,23.4,NaN,NaN,574.71,23.5,562.35,24.96,NaN,NaN,NaN,NaN,554.39,23.26,NaN,NaN,NaN,NaN,NaN,NaN,548,23.02,NaN,NaN,NaN,NaN,NaN,NaN,NaN,NaN,NaN,NaN,NaN,NaN,NaN,NaN,NaN,NaN,NaN,NaN,NaN,NaN,NaN,NaN,NaN,NaN,NaN,NaN,NaN,NaN,NaN,NaN,NaN,NaN,NaN,NaN,NaN,NaN
578.77,22.68,NaN,NaN,NaN,NaN,580.83,9.52,581.96,21.58,589.75,23.4,NaN,NaN,580.7,23.69,568.33,24.77,NaN,NaN,NaN,NaN,560.35,23.82,NaN,NaN,NaN,NaN,NaN,NaN,553.96,23.08,NaN,NaN,NaN,NaN,NaN,NaN,NaN,NaN,NaN,NaN,NaN,NaN,NaN,NaN,NaN,NaN,NaN,NaN,NaN,NaN,NaN,NaN,NaN,NaN,NaN,NaN,NaN,NaN,NaN,NaN,NaN,NaN,NaN,NaN,NaN,NaN
NaN,NaN,NaN,NaN,NaN,NaN,586.81,10.29,587.96,21.48,595.7,23.35,NaN,NaN,586.69,23.94,574.31,24.48,NaN,NaN,NaN,NaN,566.31,24.22,NaN,NaN,NaN,NaN,NaN,NaN,559.92,22.88,NaN,NaN,NaN,NaN,NaN,NaN,NaN,NaN,NaN,NaN,NaN,NaN,NaN,NaN,NaN,NaN,NaN,NaN,NaN,NaN,NaN,NaN,NaN,NaN,NaN,NaN,NaN,NaN,NaN,NaN,NaN,NaN,NaN,NaN,NaN,NaN
NaN,NaN,NaN,NaN,NaN,NaN,592.8,11.24,593.96,21.31,601.66,23.33,NaN,NaN,592.67,24.13,NaN,NaN,NaN,NaN,NaN,NaN,572.27,24.31,NaN,NaN,NaN,NaN,NaN,NaN,565.87,22.94,NaN,NaN,NaN,NaN,NaN,NaN,NaN,NaN,NaN,NaN,NaN,NaN,NaN,NaN,NaN,NaN,NaN,NaN,NaN,NaN,NaN,NaN,NaN,NaN,NaN,NaN,NaN,NaN,NaN,NaN,NaN,NaN,NaN,NaN,NaN,NaN
NaN,NaN,NaN,NaN,NaN,NaN,598.79,12.23,599.96,21.16,607.62,23.35,NaN,NaN,598.66,24.17,NaN,NaN,NaN,NaN,NaN,NaN,578.23,24.21,NaN,NaN,NaN,NaN,NaN,NaN,571.83,23.16,NaN,NaN,NaN,NaN,NaN,NaN,NaN,NaN,NaN,NaN,NaN,NaN,NaN,NaN,NaN,NaN,NaN,NaN,NaN,NaN,NaN,NaN,NaN,NaN,NaN,NaN,NaN,NaN,NaN,NaN,NaN,NaN,NaN,NaN,NaN,NaN
NaN,NaN,NaN,NaN,NaN,NaN,604.78,13.11,605.96,21.14,NaN,NaN,NaN,NaN,604.65,24.16,NaN,NaN,NaN,NaN,NaN,NaN,584.19,24.06,NaN,NaN,NaN,NaN,NaN,NaN,577.78,23.09,NaN,NaN,NaN,NaN,NaN,NaN,NaN,NaN,NaN,NaN,NaN,NaN,NaN,NaN,NaN,NaN,NaN,NaN,NaN,NaN,NaN,NaN,NaN,NaN,NaN,NaN,NaN,NaN,NaN,NaN,NaN,NaN,NaN,NaN,NaN,NaN
NaN,NaN,NaN,NaN,NaN,NaN,610.77,14.13,611.96,21.18,NaN,NaN,NaN,NaN,610.63,24.11,NaN,NaN,NaN,NaN,NaN,NaN,590.15,23.71,NaN,NaN,NaN,NaN,NaN,NaN,583.74,23.23,NaN,NaN,NaN,NaN,NaN,NaN,NaN,NaN,NaN,NaN,NaN,NaN,NaN,NaN,NaN,NaN,NaN,NaN,NaN,NaN,NaN,NaN,NaN,NaN,NaN,NaN,NaN,NaN,NaN,NaN,NaN,NaN,NaN,NaN,NaN,NaN
NaN,NaN,NaN,NaN,NaN,NaN,616.75,15.28,617.96,21.18,NaN,NaN,NaN,NaN,616.62,24.01,NaN,NaN,NaN,NaN,NaN,NaN,596.12,23.43,NaN,NaN,NaN,NaN,NaN,NaN,589.7,23.22,NaN,NaN,NaN,NaN,NaN,NaN,NaN,NaN,NaN,NaN,NaN,NaN,NaN,NaN,NaN,NaN,NaN,NaN,NaN,NaN,NaN,NaN,NaN,NaN,NaN,NaN,NaN,NaN,NaN,NaN,NaN,NaN,NaN,NaN,NaN,NaN
NaN,NaN,NaN,NaN,NaN,NaN,622.74,16.35,623.96,21.39,NaN,NaN,NaN,NaN,622.61,23.92,NaN,NaN,NaN,NaN,NaN,NaN,602.08,23.66,NaN,NaN,NaN,NaN,NaN,NaN,NaN,NaN,NaN,NaN,NaN,NaN,NaN,NaN,NaN,NaN,NaN,NaN,NaN,NaN,NaN,NaN,NaN,NaN,NaN,NaN,NaN,NaN,NaN,NaN,NaN,NaN,NaN,NaN,NaN,NaN,NaN,NaN,NaN,NaN,NaN,NaN,NaN,NaN
NaN,NaN,NaN,NaN,NaN,NaN,628.73,17.46,629.96,21.64,NaN,NaN,NaN,NaN,628.59,23.86,NaN,NaN,NaN,NaN,NaN,NaN,608.04,23.78,NaN,NaN,NaN,NaN,NaN,NaN,NaN,NaN,NaN,NaN,NaN,NaN,NaN,NaN,NaN,NaN,NaN,NaN,NaN,NaN,NaN,NaN,NaN,NaN,NaN,NaN,NaN,NaN,NaN,NaN,NaN,NaN,NaN,NaN,NaN,NaN,NaN,NaN,NaN,NaN,NaN,NaN,NaN,NaN
NaN,NaN,NaN,NaN,NaN,NaN,634.72,18.36,635.96,21.87,NaN,NaN,NaN,NaN,634.58,23.82,NaN,NaN,NaN,NaN,NaN,NaN,614,24.03,NaN,NaN,NaN,NaN,NaN,NaN,NaN,NaN,NaN,NaN,NaN,NaN,NaN,NaN,NaN,NaN,NaN,NaN,NaN,NaN,NaN,NaN,NaN,NaN,NaN,NaN,NaN,NaN,NaN,NaN,NaN,NaN,NaN,NaN,NaN,NaN,NaN,NaN,NaN,NaN,NaN,NaN,NaN,NaN
NaN,NaN,NaN,NaN,NaN,NaN,640.71,19.27,641.96,21.97,NaN,NaN,NaN,NaN,640.57,23.75,NaN,NaN,NaN,NaN,NaN,NaN,619.96,24.23,NaN,NaN,NaN,NaN,NaN,NaN,NaN,NaN,NaN,NaN,NaN,NaN,NaN,NaN,NaN,NaN,NaN,NaN,NaN,NaN,NaN,NaN,NaN,NaN,NaN,NaN,NaN,NaN,NaN,NaN,NaN,NaN,NaN,NaN,NaN,NaN,NaN,NaN,NaN,NaN,NaN,NaN,NaN,NaN
NaN,NaN,NaN,NaN,NaN,NaN,646.69,19.71,647.96,22.11,NaN,NaN,NaN,NaN,646.55,23.83,NaN,NaN,NaN,NaN,NaN,NaN,625.92,24.16,NaN,NaN,NaN,NaN,NaN,NaN,NaN,NaN,NaN,NaN,NaN,NaN,NaN,NaN,NaN,NaN,NaN,NaN,NaN,NaN,NaN,NaN,NaN,NaN,NaN,NaN,NaN,NaN,NaN,NaN,NaN,NaN,NaN,NaN,NaN,NaN,NaN,NaN,NaN,NaN,NaN,NaN,NaN,NaN
NaN,NaN,NaN,NaN,NaN,NaN,652.68,20.18,653.96,22.26,NaN,NaN,NaN,NaN,652.54,24,NaN,NaN,NaN,NaN,NaN,NaN,NaN,NaN,NaN,NaN,NaN,NaN,NaN,NaN,NaN,NaN,NaN,NaN,NaN,NaN,NaN,NaN,NaN,NaN,NaN,NaN,NaN,NaN,NaN,NaN,NaN,NaN,NaN,NaN,NaN,NaN,NaN,NaN,NaN,NaN,NaN,NaN,NaN,NaN,NaN,NaN,NaN,NaN,NaN,NaN,NaN,NaN
NaN,NaN,NaN,NaN,NaN,NaN,658.67,20.66,659.96,22.41,NaN,NaN,NaN,NaN,658.53,24.01,NaN,NaN,NaN,NaN,NaN,NaN,NaN,NaN,NaN,NaN,NaN,NaN,NaN,NaN,NaN,NaN,NaN,NaN,NaN,NaN,NaN,NaN,NaN,NaN,NaN,NaN,NaN,NaN,NaN,NaN,NaN,NaN,NaN,NaN,NaN,NaN,NaN,NaN,NaN,NaN,NaN,NaN,NaN,NaN,NaN,NaN,NaN,NaN,NaN,NaN,NaN,NaN
NaN,NaN,NaN,NaN,NaN,NaN,664.66,20.81,665.96,22.64,NaN,NaN,NaN,NaN,664.51,23.97,NaN,NaN,NaN,NaN,NaN,NaN,NaN,NaN,NaN,NaN,NaN,NaN,NaN,NaN,NaN,NaN,NaN,NaN,NaN,NaN,NaN,NaN,NaN,NaN,NaN,NaN,NaN,NaN,NaN,NaN,NaN,NaN,NaN,NaN,NaN,NaN,NaN,NaN,NaN,NaN,NaN,NaN,NaN,NaN,NaN,NaN,NaN,NaN,NaN,NaN,NaN,NaN
NaN,NaN,NaN,NaN,NaN,NaN,670.65,20.74,671.96,22.89,NaN,NaN,NaN,NaN,NaN,NaN,NaN,NaN,NaN,NaN,NaN,NaN,NaN,NaN,NaN,NaN,NaN,NaN,NaN,NaN,NaN,NaN,NaN,NaN,NaN,NaN,NaN,NaN,NaN,NaN,NaN,NaN,NaN,NaN,NaN,NaN,NaN,NaN,NaN,NaN,NaN,NaN,NaN,NaN,NaN,NaN,NaN,NaN,NaN,NaN,NaN,NaN,NaN,NaN,NaN,NaN,NaN,NaN
NaN,NaN,NaN,NaN,NaN,NaN,676.63,20.96,677.96,23.14,NaN,NaN,NaN,NaN,NaN,NaN,NaN,NaN,NaN,NaN,NaN,NaN,NaN,NaN,NaN,NaN,NaN,NaN,NaN,NaN,NaN,NaN,NaN,NaN,NaN,NaN,NaN,NaN,NaN,NaN,NaN,NaN,NaN,NaN,NaN,NaN,NaN,NaN,NaN,NaN,NaN,NaN,NaN,NaN,NaN,NaN,NaN,NaN,NaN,NaN,NaN,NaN,NaN,NaN,NaN,NaN,NaN,NaN
NaN,NaN,NaN,NaN,NaN,NaN,682.62,21.15,683.96,23.43,NaN,NaN,NaN,NaN,NaN,NaN,NaN,NaN,NaN,NaN,NaN,NaN,NaN,NaN,NaN,NaN,NaN,NaN,NaN,NaN,NaN,NaN,NaN,NaN,NaN,NaN,NaN,NaN,NaN,NaN,NaN,NaN,NaN,NaN,NaN,NaN,NaN,NaN,NaN,NaN,NaN,NaN,NaN,NaN,NaN,NaN,NaN,NaN,NaN,NaN,NaN,NaN,NaN,NaN,NaN,NaN,NaN,NaN
NaN,NaN,NaN,NaN,NaN,NaN,688.61,21.2,689.96,23.7,NaN,NaN,NaN,NaN,NaN,NaN,NaN,NaN,NaN,NaN,NaN,NaN,NaN,NaN,NaN,NaN,NaN,NaN,NaN,NaN,NaN,NaN,NaN,NaN,NaN,NaN,NaN,NaN,NaN,NaN,NaN,NaN,NaN,NaN,NaN,NaN,NaN,NaN,NaN,NaN,NaN,NaN,NaN,NaN,NaN,NaN,NaN,NaN,NaN,NaN,NaN,NaN,NaN,NaN,NaN,NaN,NaN,NaN
NaN,NaN,NaN,NaN,NaN,NaN,694.6,21.26,695.96,23.86,NaN,NaN,NaN,NaN,NaN,NaN,NaN,NaN,NaN,NaN,NaN,NaN,NaN,NaN,NaN,NaN,NaN,NaN,NaN,NaN,NaN,NaN,NaN,NaN,NaN,NaN,NaN,NaN,NaN,NaN,NaN,NaN,NaN,NaN,NaN,NaN,NaN,NaN,NaN,NaN,NaN,NaN,NaN,NaN,NaN,NaN,NaN,NaN,NaN,NaN,NaN,NaN,NaN,NaN,NaN,NaN,NaN,NaN
NaN,NaN,NaN,NaN,NaN,NaN,700.58,21.33,701.96,23.9,NaN,NaN,NaN,NaN,NaN,NaN,NaN,NaN,NaN,NaN,NaN,NaN,NaN,NaN,NaN,NaN,NaN,NaN,NaN,NaN,NaN,NaN,NaN,NaN,NaN,NaN,NaN,NaN,NaN,NaN,NaN,NaN,NaN,NaN,NaN,NaN,NaN,NaN,NaN,NaN,NaN,NaN,NaN,NaN,NaN,NaN,NaN,NaN,NaN,NaN,NaN,NaN,NaN,NaN,NaN,NaN,NaN,NaN
NaN,NaN,NaN,NaN,NaN,NaN,706.57,21.35,707.96,23.95,NaN,NaN,NaN,NaN,NaN,NaN,NaN,NaN,NaN,NaN,NaN,NaN,NaN,NaN,NaN,NaN,NaN,NaN,NaN,NaN,NaN,NaN,NaN,NaN,NaN,NaN,NaN,NaN,NaN,NaN,NaN,NaN,NaN,NaN,NaN,NaN,NaN,NaN,NaN,NaN,NaN,NaN,NaN,NaN,NaN,NaN,NaN,NaN,NaN,NaN,NaN,NaN,NaN,NaN,NaN,NaN,NaN,NaN
NaN,NaN,NaN,NaN,NaN,NaN,712.56,21.39,713.96,23.83,NaN,NaN,NaN,NaN,NaN,NaN,NaN,NaN,NaN,NaN,NaN,NaN,NaN,NaN,NaN,NaN,NaN,NaN,NaN,NaN,NaN,NaN,NaN,NaN,NaN,NaN,NaN,NaN,NaN,NaN,NaN,NaN,NaN,NaN,NaN,NaN,NaN,NaN,NaN,NaN,NaN,NaN,NaN,NaN,NaN,NaN,NaN,NaN,NaN,NaN,NaN,NaN,NaN,NaN,NaN,NaN,NaN,NaN
NaN,NaN,NaN,NaN,NaN,NaN,718.55,21.44,719.96,23.78,NaN,NaN,NaN,NaN,NaN,NaN,NaN,NaN,NaN,NaN,NaN,NaN,NaN,NaN,NaN,NaN,NaN,NaN,NaN,NaN,NaN,NaN,NaN,NaN,NaN,NaN,NaN,NaN,NaN,NaN,NaN,NaN,NaN,NaN,NaN,NaN,NaN,NaN,NaN,NaN,NaN,NaN,NaN,NaN,NaN,NaN,NaN,NaN,NaN,NaN,NaN,NaN,NaN,NaN,NaN,NaN,NaN,NaN
NaN,NaN,NaN,NaN,NaN,NaN,724.54,21.49,725.96,23.79,NaN,NaN,NaN,NaN,NaN,NaN,NaN,NaN,NaN,NaN,NaN,NaN,NaN,NaN,NaN,NaN,NaN,NaN,NaN,NaN,NaN,NaN,NaN,NaN,NaN,NaN,NaN,NaN,NaN,NaN,NaN,NaN,NaN,NaN,NaN,NaN,NaN,NaN,NaN,NaN,NaN,NaN,NaN,NaN,NaN,NaN,NaN,NaN,NaN,NaN,NaN,NaN,NaN,NaN,NaN,NaN,NaN,NaN
NaN,NaN,NaN,NaN,NaN,NaN,730.52,21.52,731.96,23.8,NaN,NaN,NaN,NaN,NaN,NaN,NaN,NaN,NaN,NaN,NaN,NaN,NaN,NaN,NaN,NaN,NaN,NaN,NaN,NaN,NaN,NaN,NaN,NaN,NaN,NaN,NaN,NaN,NaN,NaN,NaN,NaN,NaN,NaN,NaN,NaN,NaN,NaN,NaN,NaN,NaN,NaN,NaN,NaN,NaN,NaN,NaN,NaN,NaN,NaN,NaN,NaN,NaN,NaN,NaN,NaN,NaN,NaN
NaN,NaN,NaN,NaN,NaN,NaN,736.51,21.54,737.96,23.81,NaN,NaN,NaN,NaN,NaN,NaN,NaN,NaN,NaN,NaN,NaN,NaN,NaN,NaN,NaN,NaN,NaN,NaN,NaN,NaN,NaN,NaN,NaN,NaN,NaN,NaN,NaN,NaN,NaN,NaN,NaN,NaN,NaN,NaN,NaN,NaN,NaN,NaN,NaN,NaN,NaN,NaN,NaN,NaN,NaN,NaN,NaN,NaN,NaN,NaN,NaN,NaN,NaN,NaN,NaN,NaN,NaN,NaN
NaN,NaN,NaN,NaN,NaN,NaN,742.5,21.55,743.96,23.85,NaN,NaN,NaN,NaN,NaN,NaN,NaN,NaN,NaN,NaN,NaN,NaN,NaN,NaN,NaN,NaN,NaN,NaN,NaN,NaN,NaN,NaN,NaN,NaN,NaN,NaN,NaN,NaN,NaN,NaN,NaN,NaN,NaN,NaN,NaN,NaN,NaN,NaN,NaN,NaN,NaN,NaN,NaN,NaN,NaN,NaN,NaN,NaN,NaN,NaN,NaN,NaN,NaN,NaN,NaN,NaN,NaN,NaN
NaN,NaN,NaN,NaN,NaN,NaN,748.49,21.57,749.95,23.87,NaN,NaN,NaN,NaN,NaN,NaN,NaN,NaN,NaN,NaN,NaN,NaN,NaN,NaN,NaN,NaN,NaN,NaN,NaN,NaN,NaN,NaN,NaN,NaN,NaN,NaN,NaN,NaN,NaN,NaN,NaN,NaN,NaN,NaN,NaN,NaN,NaN,NaN,NaN,NaN,NaN,NaN,NaN,NaN,NaN,NaN,NaN,NaN,NaN,NaN,NaN,NaN,NaN,NaN,NaN,NaN,NaN,NaN
NaN,NaN,NaN,NaN,NaN,NaN,754.48,21.59,755.95,23.89,NaN,NaN,NaN,NaN,NaN,NaN,NaN,NaN,NaN,NaN,NaN,NaN,NaN,NaN,NaN,NaN,NaN,NaN,NaN,NaN,NaN,NaN,NaN,NaN,NaN,NaN,NaN,NaN,NaN,NaN,NaN,NaN,NaN,NaN,NaN,NaN,NaN,NaN,NaN,NaN,NaN,NaN,NaN,NaN,NaN,NaN,NaN,NaN,NaN,NaN,NaN,NaN,NaN,NaN,NaN,NaN,NaN,NaN
NaN,NaN,NaN,NaN,NaN,NaN,760.46,21.58,761.95,23.96,NaN,NaN,NaN,NaN,NaN,NaN,NaN,NaN,NaN,NaN,NaN,NaN,NaN,NaN,NaN,NaN,NaN,NaN,NaN,NaN,NaN,NaN,NaN,NaN,NaN,NaN,NaN,NaN,NaN,NaN,NaN,NaN,NaN,NaN,NaN,NaN,NaN,NaN,NaN,NaN,NaN,NaN,NaN,NaN,NaN,NaN,NaN,NaN,NaN,NaN,NaN,NaN,NaN,NaN,NaN,NaN,NaN,NaN
NaN,NaN,NaN,NaN,NaN,NaN,766.45,21.6,767.95,24.02,NaN,NaN,NaN,NaN,NaN,NaN,NaN,NaN,NaN,NaN,NaN,NaN,NaN,NaN,NaN,NaN,NaN,NaN,NaN,NaN,NaN,NaN,NaN,NaN,NaN,NaN,NaN,NaN,NaN,NaN,NaN,NaN,NaN,NaN,NaN,NaN,NaN,NaN,NaN,NaN,NaN,NaN,NaN,NaN,NaN,NaN,NaN,NaN,NaN,NaN,NaN,NaN,NaN,NaN,NaN,NaN,NaN,NaN
NaN,NaN,NaN,NaN,NaN,NaN,772.44,21.64,773.95,24.08,NaN,NaN,NaN,NaN,NaN,NaN,NaN,NaN,NaN,NaN,NaN,NaN,NaN,NaN,NaN,NaN,NaN,NaN,NaN,NaN,NaN,NaN,NaN,NaN,NaN,NaN,NaN,NaN,NaN,NaN,NaN,NaN,NaN,NaN,NaN,NaN,NaN,NaN,NaN,NaN,NaN,NaN,NaN,NaN,NaN,NaN,NaN,NaN,NaN,NaN,NaN,NaN,NaN,NaN,NaN,NaN,NaN,NaN
NaN,NaN,NaN,NaN,NaN,NaN,778.43,21.68,779.95,24.09,NaN,NaN,NaN,NaN,NaN,NaN,NaN,NaN,NaN,NaN,NaN,NaN,NaN,NaN,NaN,NaN,NaN,NaN,NaN,NaN,NaN,NaN,NaN,NaN,NaN,NaN,NaN,NaN,NaN,NaN,NaN,NaN,NaN,NaN,NaN,NaN,NaN,NaN,NaN,NaN,NaN,NaN,NaN,NaN,NaN,NaN,NaN,NaN,NaN,NaN,NaN,NaN,NaN,NaN,NaN,NaN,NaN,NaN
NaN,NaN,NaN,NaN,NaN,NaN,784.42,21.66,785.95,24,NaN,NaN,NaN,NaN,NaN,NaN,NaN,NaN,NaN,NaN,NaN,NaN,NaN,NaN,NaN,NaN,NaN,NaN,NaN,NaN,NaN,NaN,NaN,NaN,NaN,NaN,NaN,NaN,NaN,NaN,NaN,NaN,NaN,NaN,NaN,NaN,NaN,NaN,NaN,NaN,NaN,NaN,NaN,NaN,NaN,NaN,NaN,NaN,NaN,NaN,NaN,NaN,NaN,NaN,NaN,NaN,NaN,NaN
NaN,NaN,NaN,NaN,NaN,NaN,790.4,21.68,791.95,23.79,NaN,NaN,NaN,NaN,NaN,NaN,NaN,NaN,NaN,NaN,NaN,NaN,NaN,NaN,NaN,NaN,NaN,NaN,NaN,NaN,NaN,NaN,NaN,NaN,NaN,NaN,NaN,NaN,NaN,NaN,NaN,NaN,NaN,NaN,NaN,NaN,NaN,NaN,NaN,NaN,NaN,NaN,NaN,NaN,NaN,NaN,NaN,NaN,NaN,NaN,NaN,NaN,NaN,NaN,NaN,NaN,NaN,NaN
NaN,NaN,NaN,NaN,NaN,NaN,796.39,21.66,797.95,23.78,NaN,NaN,NaN,NaN,NaN,NaN,NaN,NaN,NaN,NaN,NaN,NaN,NaN,NaN,NaN,NaN,NaN,NaN,NaN,NaN,NaN,NaN,NaN,NaN,NaN,NaN,NaN,NaN,NaN,NaN,NaN,NaN,NaN,NaN,NaN,NaN,NaN,NaN,NaN,NaN,NaN,NaN,NaN,NaN,NaN,NaN,NaN,NaN,NaN,NaN,NaN,NaN,NaN,NaN,NaN,NaN,NaN,NaN
NaN,NaN,NaN,NaN,NaN,NaN,802.38,21.74,803.95,24.26,NaN,NaN,NaN,NaN,NaN,NaN,NaN,NaN,NaN,NaN,NaN,NaN,NaN,NaN,NaN,NaN,NaN,NaN,NaN,NaN,NaN,NaN,NaN,NaN,NaN,NaN,NaN,NaN,NaN,NaN,NaN,NaN,NaN,NaN,NaN,NaN,NaN,NaN,NaN,NaN,NaN,NaN,NaN,NaN,NaN,NaN,NaN,NaN,NaN,NaN,NaN,NaN,NaN,NaN,NaN,NaN,NaN,NaN
NaN,NaN,NaN,NaN,NaN,NaN,808.37,21.64,809.95,24.62,NaN,NaN,NaN,NaN,NaN,NaN,NaN,NaN,NaN,NaN,NaN,NaN,NaN,NaN,NaN,NaN,NaN,NaN,NaN,NaN,NaN,NaN,NaN,NaN,NaN,NaN,NaN,NaN,NaN,NaN,NaN,NaN,NaN,NaN,NaN,NaN,NaN,NaN,NaN,NaN,NaN,NaN,NaN,NaN,NaN,NaN,NaN,NaN,NaN,NaN,NaN,NaN,NaN,NaN,NaN,NaN,NaN,NaN
NaN,NaN,NaN,NaN,NaN,NaN,814.35,21.55,815.95,25.31,NaN,NaN,NaN,NaN,NaN,NaN,NaN,NaN,NaN,NaN,NaN,NaN,NaN,NaN,NaN,NaN,NaN,NaN,NaN,NaN,NaN,NaN,NaN,NaN,NaN,NaN,NaN,NaN,NaN,NaN,NaN,NaN,NaN,NaN,NaN,NaN,NaN,NaN,NaN,NaN,NaN,NaN,NaN,NaN,NaN,NaN,NaN,NaN,NaN,NaN,NaN,NaN,NaN,NaN,NaN,NaN,NaN,NaN
NaN,NaN,NaN,NaN,NaN,NaN,820.34,21.42,821.95,26.58,NaN,NaN,NaN,NaN,NaN,NaN,NaN,NaN,NaN,NaN,NaN,NaN,NaN,NaN,NaN,NaN,NaN,NaN,NaN,NaN,NaN,NaN,NaN,NaN,NaN,NaN,NaN,NaN,NaN,NaN,NaN,NaN,NaN,NaN,NaN,NaN,NaN,NaN,NaN,NaN,NaN,NaN,NaN,NaN,NaN,NaN,NaN,NaN,NaN,NaN,NaN,NaN,NaN,NaN,NaN,NaN,NaN,NaN
NaN,NaN,NaN,NaN,NaN,NaN,826.33,21.45,827.95,27.91,NaN,NaN,NaN,NaN,NaN,NaN,NaN,NaN,NaN,NaN,NaN,NaN,NaN,NaN,NaN,NaN,NaN,NaN,NaN,NaN,NaN,NaN,NaN,NaN,NaN,NaN,NaN,NaN,NaN,NaN,NaN,NaN,NaN,NaN,NaN,NaN,NaN,NaN,NaN,NaN,NaN,NaN,NaN,NaN,NaN,NaN,NaN,NaN,NaN,NaN,NaN,NaN,NaN,NaN,NaN,NaN,NaN,NaN
NaN,NaN,NaN,NaN,NaN,NaN,832.32,21.49,833.95,28.76,NaN,NaN,NaN,NaN,NaN,NaN,NaN,NaN,NaN,NaN,NaN,NaN,NaN,NaN,NaN,NaN,NaN,NaN,NaN,NaN,NaN,NaN,NaN,NaN,NaN,NaN,NaN,NaN,NaN,NaN,NaN,NaN,NaN,NaN,NaN,NaN,NaN,NaN,NaN,NaN,NaN,NaN,NaN,NaN,NaN,NaN,NaN,NaN,NaN,NaN,NaN,NaN,NaN,NaN,NaN,NaN,NaN,NaN
NaN,NaN,NaN,NaN,NaN,NaN,838.31,21.49,839.95,28.92,NaN,NaN,NaN,NaN,NaN,NaN,NaN,NaN,NaN,NaN,NaN,NaN,NaN,NaN,NaN,NaN,NaN,NaN,NaN,NaN,NaN,NaN,NaN,NaN,NaN,NaN,NaN,NaN,NaN,NaN,NaN,NaN,NaN,NaN,NaN,NaN,NaN,NaN,NaN,NaN,NaN,NaN,NaN,NaN,NaN,NaN,NaN,NaN,NaN,NaN,NaN,NaN,NaN,NaN,NaN,NaN,NaN,NaN
NaN,NaN,NaN,NaN,NaN,NaN,844.29,21.38,845.95,28.05,NaN,NaN,NaN,NaN,NaN,NaN,NaN,NaN,NaN,NaN,NaN,NaN,NaN,NaN,NaN,NaN,NaN,NaN,NaN,NaN,NaN,NaN,NaN,NaN,NaN,NaN,NaN,NaN,NaN,NaN,NaN,NaN,NaN,NaN,NaN,NaN,NaN,NaN,NaN,NaN,NaN,NaN,NaN,NaN,NaN,NaN,NaN,NaN,NaN,NaN,NaN,NaN,NaN,NaN,NaN,NaN,NaN,NaN
NaN,NaN,NaN,NaN,NaN,NaN,850.28,21.22,851.95,27.1,NaN,NaN,NaN,NaN,NaN,NaN,NaN,NaN,NaN,NaN,NaN,NaN,NaN,NaN,NaN,NaN,NaN,NaN,NaN,NaN,NaN,NaN,NaN,NaN,NaN,NaN,NaN,NaN,NaN,NaN,NaN,NaN,NaN,NaN,NaN,NaN,NaN,NaN,NaN,NaN,NaN,NaN,NaN,NaN,NaN,NaN,NaN,NaN,NaN,NaN,NaN,NaN,NaN,NaN,NaN,NaN,NaN,NaN
NaN,NaN,NaN,NaN,NaN,NaN,856.27,21.19,857.95,26.86,NaN,NaN,NaN,NaN,NaN,NaN,NaN,NaN,NaN,NaN,NaN,NaN,NaN,NaN,NaN,NaN,NaN,NaN,NaN,NaN,NaN,NaN,NaN,NaN,NaN,NaN,NaN,NaN,NaN,NaN,NaN,NaN,NaN,NaN,NaN,NaN,NaN,NaN,NaN,NaN,NaN,NaN,NaN,NaN,NaN,NaN,NaN,NaN,NaN,NaN,NaN,NaN,NaN,NaN,NaN,NaN,NaN,NaN
NaN,NaN,NaN,NaN,NaN,NaN,862.26,21.23,863.95,26.87,NaN,NaN,NaN,NaN,NaN,NaN,NaN,NaN,NaN,NaN,NaN,NaN,NaN,NaN,NaN,NaN,NaN,NaN,NaN,NaN,NaN,NaN,NaN,NaN,NaN,NaN,NaN,NaN,NaN,NaN,NaN,NaN,NaN,NaN,NaN,NaN,NaN,NaN,NaN,NaN,NaN,NaN,NaN,NaN,NaN,NaN,NaN,NaN,NaN,NaN,NaN,NaN,NaN,NaN,NaN,NaN,NaN,NaN
NaN,NaN,NaN,NaN,NaN,NaN,868.25,21.3,869.95,26.89,NaN,NaN,NaN,NaN,NaN,NaN,NaN,NaN,NaN,NaN,NaN,NaN,NaN,NaN,NaN,NaN,NaN,NaN,NaN,NaN,NaN,NaN,NaN,NaN,NaN,NaN,NaN,NaN,NaN,NaN,NaN,NaN,NaN,NaN,NaN,NaN,NaN,NaN,NaN,NaN,NaN,NaN,NaN,NaN,NaN,NaN,NaN,NaN,NaN,NaN,NaN,NaN,NaN,NaN,NaN,NaN,NaN,NaN
NaN,NaN,NaN,NaN,NaN,NaN,874.23,21.38,875.95,27,NaN,NaN,NaN,NaN,NaN,NaN,NaN,NaN,NaN,NaN,NaN,NaN,NaN,NaN,NaN,NaN,NaN,NaN,NaN,NaN,NaN,NaN,NaN,NaN,NaN,NaN,NaN,NaN,NaN,NaN,NaN,NaN,NaN,NaN,NaN,NaN,NaN,NaN,NaN,NaN,NaN,NaN,NaN,NaN,NaN,NaN,NaN,NaN,NaN,NaN,NaN,NaN,NaN,NaN,NaN,NaN,NaN,NaN
NaN,NaN,NaN,NaN,NaN,NaN,880.22,21.4,881.95,26.97,NaN,NaN,NaN,NaN,NaN,NaN,NaN,NaN,NaN,NaN,NaN,NaN,NaN,NaN,NaN,NaN,NaN,NaN,NaN,NaN,NaN,NaN,NaN,NaN,NaN,NaN,NaN,NaN,NaN,NaN,NaN,NaN,NaN,NaN,NaN,NaN,NaN,NaN,NaN,NaN,NaN,NaN,NaN,NaN,NaN,NaN,NaN,NaN,NaN,NaN,NaN,NaN,NaN,NaN,NaN,NaN,NaN,NaN
NaN,NaN,NaN,NaN,NaN,NaN,886.21,21.34,887.95,26.87,NaN,NaN,NaN,NaN,NaN,NaN,NaN,NaN,NaN,NaN,NaN,NaN,NaN,NaN,NaN,NaN,NaN,NaN,NaN,NaN,NaN,NaN,NaN,NaN,NaN,NaN,NaN,NaN,NaN,NaN,NaN,NaN,NaN,NaN,NaN,NaN,NaN,NaN,NaN,NaN,NaN,NaN,NaN,NaN,NaN,NaN,NaN,NaN,NaN,NaN,NaN,NaN,NaN,NaN,NaN,NaN,NaN,NaN
NaN,NaN,NaN,NaN,NaN,NaN,892.2,21.26,893.95,26.81,NaN,NaN,NaN,NaN,NaN,NaN,NaN,NaN,NaN,NaN,NaN,NaN,NaN,NaN,NaN,NaN,NaN,NaN,NaN,NaN,NaN,NaN,NaN,NaN,NaN,NaN,NaN,NaN,NaN,NaN,NaN,NaN,NaN,NaN,NaN,NaN,NaN,NaN,NaN,NaN,NaN,NaN,NaN,NaN,NaN,NaN,NaN,NaN,NaN,NaN,NaN,NaN,NaN,NaN,NaN,NaN,NaN,NaN
NaN,NaN,NaN,NaN,NaN,NaN,898.19,21.22,899.95,26.86,NaN,NaN,NaN,NaN,NaN,NaN,NaN,NaN,NaN,NaN,NaN,NaN,NaN,NaN,NaN,NaN,NaN,NaN,NaN,NaN,NaN,NaN,NaN,NaN,NaN,NaN,NaN,NaN,NaN,NaN,NaN,NaN,NaN,NaN,NaN,NaN,NaN,NaN,NaN,NaN,NaN,NaN,NaN,NaN,NaN,NaN,NaN,NaN,NaN,NaN,NaN,NaN,NaN,NaN,NaN,NaN,NaN,NaN
NaN,NaN,NaN,NaN,NaN,NaN,904.17,21.22,905.95,26.85,NaN,NaN,NaN,NaN,NaN,NaN,NaN,NaN,NaN,NaN,NaN,NaN,NaN,NaN,NaN,NaN,NaN,NaN,NaN,NaN,NaN,NaN,NaN,NaN,NaN,NaN,NaN,NaN,NaN,NaN,NaN,NaN,NaN,NaN,NaN,NaN,NaN,NaN,NaN,NaN,NaN,NaN,NaN,NaN,NaN,NaN,NaN,NaN,NaN,NaN,NaN,NaN,NaN,NaN,NaN,NaN,NaN,NaN
NaN,NaN,NaN,NaN,NaN,NaN,910.16,21.31,911.94,26.79,NaN,NaN,NaN,NaN,NaN,NaN,NaN,NaN,NaN,NaN,NaN,NaN,NaN,NaN,NaN,NaN,NaN,NaN,NaN,NaN,NaN,NaN,NaN,NaN,NaN,NaN,NaN,NaN,NaN,NaN,NaN,NaN,NaN,NaN,NaN,NaN,NaN,NaN,NaN,NaN,NaN,NaN,NaN,NaN,NaN,NaN,NaN,NaN,NaN,NaN,NaN,NaN,NaN,NaN,NaN,NaN,NaN,NaN
NaN,NaN,NaN,NaN,NaN,NaN,916.15,21.4,NaN,NaN,NaN,NaN,NaN,NaN,NaN,NaN,NaN,NaN,NaN,NaN,NaN,NaN,NaN,NaN,NaN,NaN,NaN,NaN,NaN,NaN,NaN,NaN,NaN,NaN,NaN,NaN,NaN,NaN,NaN,NaN,NaN,NaN,NaN,NaN,NaN,NaN,NaN,NaN,NaN,NaN,NaN,NaN,NaN,NaN,NaN,NaN,NaN,NaN,NaN,NaN,NaN,NaN,NaN,NaN,NaN,NaN,NaN,NaN
NaN,NaN,NaN,NaN,NaN,NaN,922.14,21.45,NaN,NaN,NaN,NaN,NaN,NaN,NaN,NaN,NaN,NaN,NaN,NaN,NaN,NaN,NaN,NaN,NaN,NaN,NaN,NaN,NaN,NaN,NaN,NaN,NaN,NaN,NaN,NaN,NaN,NaN,NaN,NaN,NaN,NaN,NaN,NaN,NaN,NaN,NaN,NaN,NaN,NaN,NaN,NaN,NaN,NaN,NaN,NaN,NaN,NaN,NaN,NaN,NaN,NaN,NaN,NaN,NaN,NaN,NaN,NaN
NaN,NaN,NaN,NaN,NaN,NaN,928.13,21.5,NaN,NaN,NaN,NaN,NaN,NaN,NaN,NaN,NaN,NaN,NaN,NaN,NaN,NaN,NaN,NaN,NaN,NaN,NaN,NaN,NaN,NaN,NaN,NaN,NaN,NaN,NaN,NaN,NaN,NaN,NaN,NaN,NaN,NaN,NaN,NaN,NaN,NaN,NaN,NaN,NaN,NaN,NaN,NaN,NaN,NaN,NaN,NaN,NaN,NaN,NaN,NaN,NaN,NaN,NaN,NaN,NaN,NaN,NaN,NaN
NaN,NaN,NaN,NaN,NaN,NaN,934.11,21.54,NaN,NaN,NaN,NaN,NaN,NaN,NaN,NaN,NaN,NaN,NaN,NaN,NaN,NaN,NaN,NaN,NaN,NaN,NaN,NaN,NaN,NaN,NaN,NaN,NaN,NaN,NaN,NaN,NaN,NaN,NaN,NaN,NaN,NaN,NaN,NaN,NaN,NaN,NaN,NaN,NaN,NaN,NaN,NaN,NaN,NaN,NaN,NaN,NaN,NaN,NaN,NaN,NaN,NaN,NaN,NaN,NaN,NaN,NaN,NaN
NaN,NaN,NaN,NaN,NaN,NaN,940.1,21.63,NaN,NaN,NaN,NaN,NaN,NaN,NaN,NaN,NaN,NaN,NaN,NaN,NaN,NaN,NaN,NaN,NaN,NaN,NaN,NaN,NaN,NaN,NaN,NaN,NaN,NaN,NaN,NaN,NaN,NaN,NaN,NaN,NaN,NaN,NaN,NaN,NaN,NaN,NaN,NaN,NaN,NaN,NaN,NaN,NaN,NaN,NaN,NaN,NaN,NaN,NaN,NaN,NaN,NaN,NaN,NaN,NaN,NaN,NaN,NaN
